x-in,y-in,x-out,y-out
-129.941125,26.058875,-159.498031,48
-96,60,-96,120
96,60,96,120
129.941126,26.058875,159.498031,48
129.941126,-21.941125,159.498031,-48
96,-120,96,-48
-96,-55.882251,-96,-120
-129.941125,-21.941125,-159.498031,-48
-129.941125,26.058875,-159.498031,48
